<?xml version="1.0" encoding="UTF-8"?> 
<!DOCTYPE hibernate-configuration PUBLIC
	"-//Hibernate/Hibernate Configuration DTD 3.0//EN"
	"http://www.hibernate.org/dtd/hibernate-configuration-3.0.dtd">
<hibernate-configuration>
    <session-factory> 
    
      
      
        <property name="connection.driver_class">com.mysql.jdbc.Driver</property>
        <property name="connection.url">jdbc:mysql://localhost/storedata</property>
        <property name="connection.username">root</property>
        <property name="connection.password">Shubh@123</property>
        <property name="dialect">org.hibernate.dialect.MySQLDialect</property>
        <property name="hbm2ddl.auto">update</property>             
        <property name="show_sql">true</property>	
        
        <mapping class = "crud.userpojo"></mapping> 
        <mapping class = "crud.feedback"></mapping> 
        <mapping class = "crud.foodpojo"></mapping>  
        <mapping class = "crud.payment"></mapping> 
        <mapping class = "crud.order"></mapping> 
        
         
         </session-factory>
</hibernate-configuration>
	